,Site_ID,Name,State,City,ARP_Latitude,ARP_Longitude,NPIAS_Category,CH_Latitude,CH_Longitude,Distance
686,50385.*A,Juneau Intl,Alaska,Juneau,58.354711111111115,-134.57846944444444,Non-Hub,58.359016,-134.559427,0.7520387814650519
2145,00128.*A,Anniston Rgnl,Alabama,Anniston,33.588166666666666,-85.8581111111111,Reliever,33.589379,-85.845525,0.7296562647370685
2683,00146.*A,Auburn University Rgnl,Alabama,Auburn,32.61511111111111,-85.434,Reliever,32.614154,-85.430018,0.24113301379505966
3563,00164.*A,Birmingham-Shuttlesworth Intl,Alabama,Birmingham,33.56388888888888,-86.75230555555555,Small,33.561234,-86.75195,0.1846784403998515
9520,00438.*A,Mobile Rgnl,Alabama,Mobile,30.691416666666665,-88.24283333333334,Non-Hub,30.698362,-88.239289,0.524343965014232
11343,00498.*A,Roanoke Muni Enloe,Alabama,Roanoke,33.12967777777778,-85.37221666666666,Reliever,33.136025,-85.362562,0.7105944587401285
16607,00987.*A,Fort Smith Rgnl,Arkansas,Fort Smith,35.33658333333334,-94.36744444444444,Non-Hub,35.335799,-94.384145,0.9434104091630334
17619,01132.*A,Kirk Fld,Arkansas,Paragould,36.063805555555554,-90.50919444444445,Reliever,36.0602368463538,-90.52057336931152,0.6820965435606903
20833,01165.*A,Searcy Muni,Arkansas,Searcy,35.21060833333333,-91.73753888888889,Reliever,35.201617,-91.732791,0.6769831985099555
21356,01176.*A,Springdale Muni,Arkansas,Springdale,36.17638888888889,-94.11925,Reliever,36.18855,-94.116725,0.8524521024444722
21384,01176.*A,Springdale Muni,Arkansas,Springdale,36.17638888888889,-94.11925,Reliever,36.167392,-94.119169,0.6219937724983139
21405,01176.*A,Springdale Muni,Arkansas,Springdale,36.17638888888889,-94.11925,Reliever,36.167392,-94.119169,0.6219937724983139
27934,00674.*A,Flagstaff Pulliam,Arizona,Flagstaff,35.14031666666666,-111.66924166666666,Non-Hub,35.139399,-111.682258,0.7385828334649762
32470,00751.4*A,Phoenix Deer Valley,Arizona,Phoenix,33.68830555555555,-112.08255555555556,Reliever,33.681971,-112.08565,0.4727197009498135
35598,00788.*A,Scottsdale,Arizona,Scottsdale,33.62288888888889,-111.91052777777779,Reliever,33.635224,-111.915739,0.9039784665241658
35722,00788.*A,Scottsdale,Arizona,Scottsdale,33.62288888888889,-111.91052777777779,Reliever,33.626706,-111.898965,0.7160167207768081
35756,00788.*A,Scottsdale,Arizona,Scottsdale,33.62288888888889,-111.91052777777779,Reliever,33.6235,-111.923,0.7192231897422834
35785,00788.*A,Scottsdale,Arizona,Scottsdale,33.62288888888889,-111.91052777777779,Reliever,33.628056,-111.895518,0.934966171949505
62996,01353.*A,Bob Hope,California,Burbank,34.200694444444444,-118.35866666666666,Medium,34.21136018967161,-118.3487506925903,0.9301081964974316
64193,01353.*A,Bob Hope,California,Burbank,34.200694444444444,-118.35866666666666,Medium,34.196063,-118.352672,0.4690511149687194
64443,01353.*A,Bob Hope,California,Burbank,34.200694444444444,-118.35866666666666,Medium,34.19998,-118.370067,0.6537158028123116
65281,01975.1*A,Bob Maxwell Meml Airfield,California,Oceanside,33.21797777777778,-117.35150833333333,Reliever,33.212501,-117.352552,0.3834048814505124
81097,01346.*A,Bryant Fld,California,Bridgeport,38.264652777777776,-119.22273055555556,Reliever,38.255687,-119.231941,0.7963406618895066
82159,01437.*A,Buchanan Fld,California,Concord,37.98965555555556,-122.05690277777778,Non-Hub,37.982071,-122.046184,0.7848792785376465
82601,01437.*A,Buchanan Fld,California,Concord,37.98965555555556,-122.05690277777778,Non-Hub,37.990485,-122.071241,0.7833128208325787
83683,01437.*A,Buchanan Fld,California,Concord,37.98965555555556,-122.05690277777778,Non-Hub,37.986345,-122.067499,0.621054702465733
100368,01369.1*A,Camarillo,California,Camarillo,34.213750000000005,-119.09436111111111,Reliever,34.222638,-119.104395,0.8405711328556617
118799,01400.5*A,Chowchilla,California,Chowchilla,37.11327777777778,-120.247,Reliever,37.12595,-120.24682,0.876118487147742
128755,01434.*A,Compton/Woodley,California,Compton,33.889916666666664,-118.24380555555555,Reliever,33.88798,-118.250031,0.38153060722520166
134531,01497.*A,Delano Muni,California,Delano,35.745555555555555,-119.2365,Reliever,35.75191,-119.240762,0.5001654800911157
135478,01497.*A,Delano Muni,California,Delano,35.745555555555555,-119.2365,Reliever,35.745535,-119.247818,0.6350463270971143
136811,01497.*A,Delano Muni,California,Delano,35.745555555555555,-119.2365,Reliever,35.750048,-119.241088,0.4033884491670837
157939,01590.*A,Fresno Chandler Exec,California,Fresno,36.732125,-119.82033333333332,Reliever,36.737095,-119.810327,0.6522268604036981
162433,01593.*A,Fullerton Muni,California,Fullerton,33.87201388888889,-117.97978333333333,Reliever,33.859413,-117.97493,0.9145966348032591
162624,01593.*A,Fullerton Muni,California,Fullerton,33.87201388888889,-117.97978333333333,Reliever,33.863346,-117.990999,0.8795274801658043
173117,02165.*A,Gillespie Fld,California,San Diego/El Cajon,32.82622222222223,-116.97244444444445,Reliever,32.814368,-116.974443,0.8276964582065511
173118,02165.*A,Gillespie Fld,California,San Diego/El Cajon,32.82622222222223,-116.97244444444445,Reliever,32.814368,-116.974443,0.8276964582065511
173151,02165.*A,Gillespie Fld,California,San Diego/El Cajon,32.82622222222223,-116.97244444444445,Reliever,32.812833,-116.970214,0.9346568204155574
174228,02165.*A,Gillespie Fld,California,San Diego/El Cajon,32.82622222222223,-116.97244444444445,Reliever,32.812833,-116.970214,0.9346568204155574
184659,01641.*A,Hanford Muni,California,Hanford,36.316722222222225,-119.62766666666666,Reliever,36.323778,-119.627095,0.48882173979009114
184883,01641.*A,Hanford Muni,California,Hanford,36.316722222222225,-119.62766666666666,Reliever,36.326734,-119.636597,0.8523412063396044
192001,01651.*A,Hayward Exec,California,Hayward,37.65892777777778,-122.1217361111111,Reliever,37.666392,-122.110511,0.8022836456213829
192265,01651.*A,Hayward Exec,California,Hayward,37.65892777777778,-122.1217361111111,Reliever,37.666686,-122.106352,0.9982474058048622
192300,01651.*A,Hayward Exec,California,Hayward,37.65892777777778,-122.1217361111111,Reliever,37.666686,-122.106352,0.9982474058048622
192649,01651.*A,Hayward Exec,California,Hayward,37.65892777777778,-122.1217361111111,Reliever,37.6654,-122.12076,0.45061844958462677
193219,01651.*A,Hayward Exec,California,Hayward,37.65892777777778,-122.1217361111111,Reliever,37.6672,-122.1204,0.5765350001381501
196970,01654.*A,Hemet-Ryan,California,Hemet,33.734027777777776,-117.02230555555555,Reliever,33.731654,-117.01234,0.5959887608939413
197581,01654.*A,Hemet-Ryan,California,Hemet,33.734027777777776,-117.02230555555555,Reliever,33.726524,-117.008551,0.9457776118610974
214400,01647.*A,Jack Northrop Fld/Hawthorne Muni,California,Hawthorne,33.92286111111111,-118.33508333333333,Reliever,33.9211,-118.3301,0.3107201451338873
215102,01647.*A,Jack Northrop Fld/Hawthorne Muni,California,Hawthorne,33.92286111111111,-118.33508333333333,Reliever,33.922497,-118.322045,0.7483746236961306
240180,01788.2*A,Lompoc,California,Lompoc,34.665619444444445,-120.46750277777778,Reliever,34.660758,-120.452355,0.9245811865315114
240181,01788.2*A,Lompoc,California,Lompoc,34.665619444444445,-120.46750277777778,Reliever,34.660758,-120.452355,0.9245811865315114
244424,01794.*A,Long Beach /Daugherty Fld/,California,Long Beach,33.817930555555556,-118.15189166666667,Small,33.806189,-118.158713,0.9013405065611351
244472,01794.*A,Long Beach /Daugherty Fld/,California,Long Beach,33.817930555555556,-118.15189166666667,Small,33.81033131459334,-118.1629291607132,0.8233619115922839
245382,01794.*A,Long Beach /Daugherty Fld/,California,Long Beach,33.817930555555556,-118.15189166666667,Small,33.806189,-118.158713,0.9013405065611351
249044,01818.*A,Los Angeles Intl,California,Los Angeles,33.94249722222222,-118.40804722222222,Large,33.941974,-118.420055,0.6896238941079259
255596,01853.*A,Madera Muni,California,Madera,36.9886,-120.11245,Reliever,36.99628,-120.097911,0.9624894753403387
263781,01376.1*A,Mc Clellan-Palomar,California,Carlsbad,33.12825,-117.28008333333334,Reliever,33.133883,-117.264644,0.9749790956207413
275464,01971.*A,Metro Oakland Intl,California,Oakland,37.721250000000005,-122.22113888888889,Medium,37.73137,-122.212097,0.8566852042252708
280776,01899.*A,Mojave Air And Space Port,California,Mojave,35.05894444444444,-118.15061111111112,Reliever,35.055211,-118.158485,0.5149415493038946
281589,01899.*A,Mojave Air And Space Port,California,Mojave,35.05894444444444,-118.15061111111112,Reliever,35.045355,-118.155994,0.9876298266909711
281970,01899.*A,Mojave Air And Space Port,California,Mojave,35.05894444444444,-118.15061111111112,Reliever,35.056735,-118.157836,0.4364564633828852
285297,02166.*A,Montgomery-Gibbs Exec,California,San Diego,32.81572222222222,-117.13955555555556,Reliever,32.814162,-117.151942,0.7276992685472765
285533,02166.*A,Montgomery-Gibbs Exec,California,San Diego,32.81572222222222,-117.13955555555556,Reliever,32.8224,-117.14836,0.6890394644657013
285849,02166.*A,Montgomery-Gibbs Exec,California,San Diego,32.81572222222222,-117.13955555555556,Reliever,32.81659,-117.15522,0.9120777822602631
287846,01560.*A,Murray Fld,California,Eureka,40.80338888888889,-124.11280555555555,Reliever,40.803696,-124.130362,0.9189768589447672
301680,02204.*A,Norman Y Mineta San Jose Intl,California,San Jose,37.362994444444446,-121.92861944444445,Medium,37.372516,-121.932717,0.6956844614451171
302066,02204.*A,Norman Y Mineta San Jose Intl,California,San Jose,37.362994444444446,-121.92861944444445,Medium,37.37326,-121.918838,0.8902107058156891
305111,02389.1*A,Nut Tree,California,Vacaville,38.37822222222222,-121.96119444444444,Reliever,38.3666,-121.9581,0.8207911461177587
305310,02389.1*A,Nut Tree,California,Vacaville,38.37822222222222,-121.96119444444444,Reliever,38.366653,-121.95586,0.8504628082607428
305395,02389.1*A,Nut Tree,California,Vacaville,38.37822222222222,-121.96119444444444,Reliever,38.367307,-121.956854,0.7904160759454372
305660,02389.1*A,Nut Tree,California,Vacaville,38.37822222222222,-121.96119444444444,Reliever,38.369802,-121.954516,0.6854689800317406
306149,02389.1*A,Nut Tree,California,Vacaville,38.37822222222222,-121.96119444444444,Reliever,38.364793,-121.96797,0.9983887753742218
306150,02389.1*A,Nut Tree,California,Vacaville,38.37822222222222,-121.96119444444444,Reliever,38.36486,-121.968013,0.994946348382384
311467,01986.*A,Ontario Intl,California,Ontario,34.056013888888884,-117.60118888888888,Medium,34.063139,-117.61148,0.7681340658003266
311475,01986.*A,Ontario Intl,California,Ontario,34.056013888888884,-117.60118888888888,Medium,34.063139,-117.61148,0.7681340658003266
311741,01986.*A,Ontario Intl,California,Ontario,34.056013888888884,-117.60118888888888,Medium,34.063139,-117.61148,0.7681340658003266
311773,01986.*A,Ontario Intl,California,Ontario,34.056013888888884,-117.60118888888888,Medium,34.063139,-117.61148,0.7681340658003266
312509,01986.*A,Ontario Intl,California,Ontario,34.056013888888884,-117.60118888888888,Medium,34.063139,-117.61148,0.7681340658003266
312547,01986.*A,Ontario Intl,California,Ontario,34.056013888888884,-117.60118888888888,Medium,34.067355,-117.606918,0.849928198549106
313257,01986.*A,Ontario Intl,California,Ontario,34.056013888888884,-117.60118888888888,Medium,34.063302,-117.611533,0.7777178230618166
318233,02017.*A,Palm Springs Intl,California,Palm Springs,33.82966666666667,-116.50669444444445,Small,33.823151,-116.508135,0.45797876351283134
318960,02017.*A,Palm Springs Intl,California,Palm Springs,33.82966666666667,-116.50669444444445,Small,33.832874,-116.515053,0.5287450652125227
351861,02112.*A,Riverside Muni,California,Riverside,33.951888888888895,-117.44511111111112,Reliever,33.96068,-117.454372,0.8070762004384889
375443,02160.1*A,San Carlos,California,San Carlos,37.51186111111111,-122.24953055555555,Reliever,37.51689164917228,-122.2624653462799,0.7899624325368896
376404,02160.1*A,San Carlos,California,San Carlos,37.51186111111111,-122.24953055555555,Reliever,37.5036,-122.2618505,0.8846760484091202
376675,02160.1*A,San Carlos,California,San Carlos,37.51186111111111,-122.24953055555555,Reliever,37.503,-122.2454,0.6531312648468778
378200,02170.*A,San Diego Intl,California,San Diego,32.733555555555554,-117.18966666666667,Large,32.74065,-117.187,0.5143876377190058
378294,02170.*A,San Diego Intl,California,San Diego,32.733555555555554,-117.18966666666667,Large,32.73943,-117.177482,0.8166942203808101
378335,02170.*A,San Diego Intl,California,San Diego,32.733555555555554,-117.18966666666667,Large,32.740808,-117.180829,0.717982442260569
379769,02170.*A,San Diego Intl,California,San Diego,32.733555555555554,-117.18966666666667,Large,32.743182,-117.181951,0.80261852914209
380175,02170.*A,San Diego Intl,California,San Diego,32.733555555555554,-117.18966666666667,Large,32.727118,-117.181894,0.6343442738218015
382671,01539.*A,San Gabriel Valley,California,El Monte,34.08600833333334,-118.03484444444445,Reliever,34.074496,-118.030858,0.8279625776042762
383610,01539.*A,San Gabriel Valley,California,El Monte,34.08600833333334,-118.03484444444445,Reliever,34.077834,-118.039828,0.6330684146053209
385935,02211.*A,San Luis County Rgnl,California,San Luis Obispo,35.23727777777778,-120.64261111111112,Non-Hub,35.250038,-120.641541,0.8842126409796237
425407,02341.*A,Tehachapi Muni,California,Tehachapi,35.134994444444445,-118.4393,Reliever,35.1422,-118.448906,0.7369267734651598
425408,02341.*A,Tehachapi Muni,California,Tehachapi,35.134994444444445,-118.4393,Reliever,35.142173,-118.448948,0.7374209100387357
443034,02383.*A,Ukiah Muni,California,Ukiah,39.12594444444444,-123.20086111111111,Reliever,39.138885,-123.202645,0.8997129003128074
447053,02396.*A,Van Nuys,California,Van Nuys,34.20980555555556,-118.48997222222222,Reliever,34.209219,-118.496403,0.3698878541597895
447496,02396.*A,Van Nuys,California,Van Nuys,34.20980555555556,-118.48997222222222,Reliever,34.220778,-118.486698,0.78130539703281
451046,02413.*A,Visalia Muni,California,Visalia,36.31863888888889,-119.39286111111112,Reliever,36.325354,-119.391607,0.4694585034859352
462807,01818.1*A,Whiteman,California,Los Angeles,34.259325,-118.41343333333334,Reliever,34.247415,-118.405835,0.9308329659299823
467687,02461.*A,Willows-Glenn County,California,Willows,39.51575555555556,-122.217275,Reliever,39.525492,-122.218593,0.6767644687184688
467698,02461.*A,Willows-Glenn County,California,Willows,39.51575555555556,-122.217275,Reliever,39.523225,-122.2118055,0.593068108033829
477024,02356.1*A,Zamperini Fld,California,Torrance,33.80338333333333,-118.33960833333333,Reliever,33.790224,-118.341224,0.9144604616538293
477440,02356.1*A,Zamperini Fld,California,Torrance,33.80338333333333,-118.33960833333333,Reliever,33.804529,-118.353365,0.7942159214952722
477596,02356.1*A,Zamperini Fld,California,Torrance,33.80338333333333,-118.33960833333333,Reliever,33.799112,-118.351562,0.747501234753291
478194,02517.*A,Aspen-Pitkin County/Sardy Fld,Colorado,Aspen,39.22188888888889,-106.86822222222222,Non-Hub,39.225683,-106.865041,0.3127717927357764
481381,02573.*A,Denver Intl,Colorado,Denver,39.861666666666665,-104.67316666666667,Large,39.8561004,-104.6759263,0.4117348724563469
481382,02573.*A,Denver Intl,Colorado,Denver,39.861666666666665,-104.67316666666667,Large,39.84925705248455,-104.674,0.8590467098834581
482230,02588.*A,Eagle County Rgnl,Colorado,Eagle,39.64275,-106.91594444444445,Non-Hub,39.63993,-106.911981,0.2872743049564264
482231,02588.*A,Eagle County Rgnl,Colorado,Eagle,39.64275,-106.91594444444445,Non-Hub,39.639915,-106.912075,0.28433301050290977
482430,02596.131*A,Erie Muni,Colorado,Erie,40.01025,-105.04808333333334,Reliever,40.00078,-105.03642,0.9000393249460479
483292,02623.*A,Granby-Grand County,Colorado,Granby,40.09005555555556,-105.9166388888889,Reliever,40.08448823321663,-105.9283874123726,0.7309302704082961
484414,02631.*A,Gunnison-Crested Butte Rgnl,Colorado,Gunnison,38.53433333333333,-106.93175000000001,Non-Hub,38.544802,-106.932525,0.7249373162288891
493451,02765.*A,Yuma Muni,Colorado,Yuma,40.10571111111111,-102.71443888888889,Reliever,40.119917,-102.716079,0.9859093132902653
493897,02802.*A,Danbury Muni,Connecticut,Danbury,41.37152777777778,-73.48219444444445,Reliever,41.3794,-73.478,0.5861137108786977
493915,02802.*A,Danbury Muni,Connecticut,Danbury,41.37152777777778,-73.48219444444445,Reliever,41.380158,-73.47904,0.6186632762230815
494150,02827.*A,Hartford-Brainard,Connecticut,Hartford,41.73672222222223,-72.64944444444446,Reliever,41.736894,-72.660257,0.5579180591541141
494168,02827.*A,Hartford-Brainard,Connecticut,Hartford,41.73672222222223,-72.64944444444446,Reliever,41.741747,-72.659203,0.6116214076602179
494192,02827.*A,Hartford-Brainard,Connecticut,Hartford,41.73672222222223,-72.64944444444446,Reliever,41.741747,-72.659203,0.6116214076602179
494193,02827.*A,Hartford-Brainard,Connecticut,Hartford,41.73672222222223,-72.64944444444446,Reliever,41.740108,-72.656123,0.4165117074252219
495909,03474.*A,Albert Whitted,Florida,St Petersburg,27.765113888888887,-82.62697499999999,Reliever,27.765362,-82.63633,0.5725288914727562
495976,03474.*A,Albert Whitted,Florida,St Petersburg,27.765113888888887,-82.62697499999999,Reliever,27.77332,-82.63275,0.6683054538857277
496056,03474.*A,Albert Whitted,Florida,St Petersburg,27.765113888888887,-82.62697499999999,Reliever,27.765381,-82.636368,0.5748930621070947
496061,03474.*A,Albert Whitted,Florida,St Petersburg,27.765113888888887,-82.62697499999999,Reliever,27.773355,-82.626315,0.5711572124197767
496062,03474.*A,Albert Whitted,Florida,St Petersburg,27.765113888888887,-82.62697499999999,Reliever,27.773355,-82.626261,0.5714002020898333
497504,03531.*A,Arthur Dunn Air Park,Florida,Titusville,28.622552777777777,-80.83540833333333,Reliever,28.61589,-80.826818,0.6956531241436901
502501,03112.*A,Clearwater Air Park,Florida,Clearwater,27.977213888888887,-82.75905555555556,Reliever,27.975649,-82.75459,0.2933186115416762
504112,03135.*A,Crystal River-Capt Tom Davis Fld,Florida,Crystal River,28.867611111111113,-82.57411111111111,Reliever,28.874954,-82.579351,0.5985984321613015
504113,03135.*A,Crystal River-Capt Tom Davis Fld,Florida,Crystal River,28.867611111111113,-82.57411111111111,Reliever,28.874924,-82.579351,0.5968406660578699
507637,03408.*A,Exec,Florida,Orlando,28.545461111111113,-81.33293055555555,Reliever,28.55433,-81.334677,0.6222330906697585
509236,03423.3*A,Flagler Exec,Florida,Palm Coast,29.465149999999998,-81.20765,Reliever,29.476633,-81.206325,0.7978439843535406
514450,03251.*A,Jacksonville Exec At Craig,Florida,Jacksonville,30.336333333333332,-81.51444444444445,Reliever,30.324831,-81.508358,0.8741954884420579
514802,03250.1*A,Jacksonville Intl,Florida,Jacksonville,30.494044444444445,-81.68784722222223,Medium,30.489761,-81.67932,0.5879910424348561
516138,03263.*A,Key West Intl,Florida,Key West,24.556119444444445,-81.75995555555555,Non-Hub,24.561189,-81.763638,0.4200520937768173
525156,03379.*A,Naples Muni,Florida,Naples,26.152441666666665,-81.77563888888889,Reliever,26.1445,-81.7888,0.984122157723536
531321,03198.*A,Page Fld,Florida,Fort Myers,26.58661111111111,-81.86325,Reliever,26.574051,-81.869826,0.9587811374966233
536993,03451.*A,Pompano Beach Airpark,Florida,Pompano Beach,26.247400000000003,-80.11120833333332,Reliever,26.258829,-80.118759,0.9183943615039376
537252,03451.*A,Pompano Beach Airpark,Florida,Pompano Beach,26.247400000000003,-80.11120833333332,Reliever,26.236952,-80.103344,0.8714987109220862
538825,03484.*A,Sarasota/Bradenton Intl,Florida,Sarasota/Bradenton,27.395444444444443,-82.55438888888888,Small,27.401043,-82.566208,0.822224352695524
544670,03314.*A,The Florida Keys Marathon Intl,Florida,Marathon,24.72619444444444,-81.0513611111111,Reliever,24.7261,-81.0479,0.2174359077448511
559125,03642.*A,Cobb County Intl-Mccollum Fld,Georgia,Atlanta,34.01316666666666,-84.59702777777777,Reliever,34.002743,-84.601783,0.7704204802557616
559876,03728.*A,Columbus,Georgia,Columbus,32.516333333333336,-84.93886111111111,Non-Hub,32.508414,-84.952347,0.9580413057494375
560076,03728.*A,Columbus,Georgia,Columbus,32.516333333333336,-84.93886111111111,Non-Hub,32.506032,-84.94138,0.7271392841723873
560111,03728.*A,Columbus,Georgia,Columbus,32.516333333333336,-84.93886111111111,Non-Hub,32.506065,-84.941364,0.7247166786238507
560617,03641.*A,Covington Muni,Georgia,Atlanta,33.632247222222226,-83.84661944444444,Reliever,33.618609,-83.843952,0.9552661076081181
563281,03643.*A,Dekalb-Peachtree,Georgia,Atlanta,33.87600277777778,-84.30203055555555,Reliever,33.873935,-84.297481,0.2977007886799681
564107,03760.*A,Douglas Muni,Georgia,Douglas,31.47673888888889,-82.86056666666666,Reliever,31.490414,-82.865433,0.9879679639749475
566937,03639.*A,Fulton County Exec/Charlie Brown Fld,Georgia,Atlanta,33.779127777777774,-84.52136666666667,Reliever,33.783613,-84.508249,0.8150352044211372
567016,03639.*A,Fulton County Exec/Charlie Brown Fld,Georgia,Atlanta,33.779127777777774,-84.52136666666667,Reliever,33.781578,-84.53716,0.9231774359674381
573818,03805.*A,Lee Gilmer Meml,Georgia,Gainesville,34.27262777777778,-83.830225,Reliever,34.267825,-83.81522,0.9192973630874713
580832,03992.*A,Savannah/Hilton Head Intl,Georgia,Savannah,32.127583333333334,-81.2021388888889,Small,32.1359,-81.2129,0.8529115521992776
590080,05829.*A,Ames Muni,Iowa,Ames,41.992044444444446,-93.62181944444444,Reliever,42.000598,-93.610816,0.8180943807145016
591731,05839.5*A,Audubon County,Iowa,Audubon,41.701527777777784,-94.92044444444446,Reliever,41.705115,-94.925945,0.37696707323952205
601294,06022.11*A,Grinnell Rgnl,Iowa,Grinnell,41.70988888888889,-92.73597222222223,Reliever,41.700506,-92.72615,0.8232639963942298
601565,06022.11*A,Grinnell Rgnl,Iowa,Grinnell,41.70988888888889,-92.73597222222223,Reliever,41.699805,-92.725602,0.8788988222496775
601596,06022.11*A,Grinnell Rgnl,Iowa,Grinnell,41.70988888888889,-92.73597222222223,Reliever,41.717106,-92.719989,0.9639948314520383
602315,06039.1*A,Hampton Muni,Iowa,Hampton,42.72369444444445,-93.22633333333333,Reliever,42.736604,-93.221671,0.9233408538431057
602879,06057.1*A,Humboldt Muni,Iowa,Humboldt,42.734861111111115,-94.24547222222222,Reliever,42.732542,-94.227487,0.9272355990240214
603521,06070.*A,Iowa City Muni,Iowa,Iowa City,41.63977777777778,-91.54813888888889,Reliever,41.650681,-91.540627,0.8477992698259158
603674,06070.*A,Iowa City Muni,Iowa,Iowa City,41.63977777777778,-91.54813888888889,Reliever,41.650632,-91.540573,0.8460741164121368
604140,06147.1*A,James G Whiting Meml Fld,Iowa,Mapleton,42.17829444444444,-95.79364444444444,Reliever,42.168378,-95.793308,0.6857651975463432
606163,06089.*A,Lamoni Muni,Iowa,Lamoni,40.63333333333333,-93.90216944444445,Reliever,40.62304,-93.896681,0.7676626225128722
615168,05903.*A,Schenck Fld,Iowa,Clarinda,40.72219444444445,-95.02661111111111,Reliever,40.733443,-95.018681,0.8816629855908892
615436,05903.*A,Schenck Fld,Iowa,Clarinda,40.72219444444445,-95.02661111111111,Reliever,40.72741,-95.038168,0.7047167829176341
622103,04206.*A,Friedman Meml,Idaho,Hailey,43.50378055555556,-114.29555833333333,Non-Hub,43.513846,-114.307121,0.9057116276991001
623413,04224.1*A,Shoshone County,Idaho,Kellogg,47.54726111111111,-116.1890638888889,Reliever,47.544139,-116.1854,0.275351859039143
625456,04427.*A,Benton Muni,Illinois,Benton,38.0085,-88.93444444444445,Reliever,38.013344,-88.928237,0.4758821995594463
626200,04444.*A,Bolingbrook'S Clow Intl,Illinois,Bolingbrook,41.69591666666666,-88.1295,Reliever,41.683823,-88.126036,0.854976679722492
629699,04508.1*A,Chicago Exec,Illinois,Chicago/Prospect Heights/Wheeling,42.11427777777778,-87.90152777777779,Reliever,42.119053,-87.89901,0.35447393404786937
629825,04508.1*A,Chicago Exec,Illinois,Chicago/Prospect Heights/Wheeling,42.11427777777778,-87.90152777777779,Reliever,42.119053,-87.89901,0.35447393404786937
630216,04507.*A,Chicago Midway Intl,Illinois,Chicago,41.78597222222222,-87.75241666666666,Large,41.778249,-87.750999,0.5389040173713316
633448,04567.*A,De Kalb Taylor Muni,Illinois,De Kalb,41.93383333333333,-88.70568611111112,Reliever,41.935712,-88.723735,0.9372619194585983
636716,04650.1*A,Flora Muni,Illinois,Flora,38.664988888888885,-88.45311111111111,Reliever,38.672436,-88.4433,0.7385819532681787
637725,04938.*A,General Downing - Peoria Intl,Illinois,Peoria,40.66419444444444,-89.69325,Non-Hub,40.66394,-89.679796,0.7057467106923673
643063,04767.*A,Joliet Rgnl,Illinois,Joliet,41.51765833333333,-88.17552500000001,Reliever,41.521922,-88.186571,0.6432627698173962
645905,04824.*A,Litchfield Muni,Illinois,Litchfield,39.1625,-89.6746388888889,Reliever,39.176047,-89.675175,0.9369785589476207
649032,04870.*A,Monmouth Muni,Illinois,Monmouth,40.92970555555555,-90.63110833333333,Reliever,40.924704,-90.64776,0.935968598696139
664136,04503.*A,Waukegan Ntl,Illinois,Chicago/Waukegan,42.42214722222222,-87.86791666666666,Reliever,42.426927,-87.877284,0.5811188721464358
665731,05388.11*A,Clark Rgnl,Indiana,Jeffersonville,38.366619444444446,-85.73814444444444,Reliever,38.37313215487006,-85.74705270367431,0.660188812749904
674073,05375.*A,Indianapolis Intl,Indiana,Indianapolis,39.717305555555555,-86.29463888888888,Medium,39.71328,-86.300601,0.421870197062085
684471,05281.*A,Smith Fld,Indiana,Fort Wayne,41.14336111111111,-85.15277777777779,Reliever,41.13744,-85.162617,0.6557259571823314
684735,05281.*A,Smith Fld,Indiana,Fort Wayne,41.14336111111111,-85.15277777777779,Reliever,41.1385,-85.1634,0.6471290172139299
687567,05738.*A,Warsaw Muni,Indiana,Warsaw,41.27469444444444,-85.84008333333333,Reliever,41.26194,-85.838753,0.8844520574841379
693297,06811.*A,Johnson County Exec,Kansas,Olathe,38.84760277777778,-94.73758611111111,Reliever,38.855041,-94.740555,0.5384926711520752
693812,06721.*A,Lawrence Muni,Kansas,Lawrence,39.01111111111111,-95.21647222222222,Reliever,39.008232,-95.234062,0.9656359067744884
699541,06948.51*A,Trego Wakeeney,Kansas,Wakeeney,39.00652777777778,-99.89294444444445,Reliever,39.016853,-99.889806,0.73344690746906
701091,07055.*A,Bowling Green-Warren County Rgnl,Kentucky,Bowling Green,36.96452777777778,-86.41966666666667,Reliever,36.95306,-86.429506,0.9612291864609797
707782,07425.*A,"Baton Rouge Metro, Ryan Fld",Louisiana,Baton Rouge,30.532916666666665,-91.1498888888889,Non-Hub,30.52562,-91.160978,0.8309676879841444
710227,07589.*A,Lafayette Rgnl/Paul Fournet Fld,Louisiana,Lafayette,30.205027777777776,-91.98775,Non-Hub,30.209862,-92.002378,0.9356698007718296
710751,07675.*A,Louis Armstrong New Orleans Intl,Louisiana,New Orleans,29.993277777777777,-90.25902777777777,Medium,29.983445,-90.262962,0.719425871002452
713083,07796.*A,Winnsboro Muni,Louisiana,Winnsboro,32.15300555555555,-91.69855555555556,Reliever,32.155722,-91.713832,0.9136203078770105
713491,08995.*A,Cape Cod Gateway,Massachusetts,Hyannis,41.669333333333334,-70.2803611111111,Non-Hub,41.667911,-70.295541,0.790064681173399
714532,08750.*A,Laurence G Hanscom Fld,Massachusetts,Bedford,42.469944444444444,-71.289,Non-Hub,42.463281,-71.279117,0.6828087247843021
714569,09011.*A,Lawrence Muni,Massachusetts,Lawrence,42.71704166666667,-71.12353333333333,Reliever,42.715137,-71.139068,0.799968311571144
715444,09112.*A,New Bedford Rgnl,Massachusetts,New Bedford,41.676566666666666,-70.95783611111112,Reliever,41.663264,-70.951362,0.9785327581669037
715550,09180.*A,Norwood Meml,Massachusetts,Norwood,42.190527777777774,-71.17294444444445,Reliever,42.198516,-71.186058,0.8695349609160101
715571,09180.*A,Norwood Meml,Massachusetts,Norwood,42.190527777777774,-71.17294444444445,Reliever,42.192051,-71.18462,0.6072309054539886
715611,09180.*A,Norwood Meml,Massachusetts,Norwood,42.190527777777774,-71.17294444444445,Reliever,42.19704,-71.185259,0.774927714181726
718818,08525.*A,Easton/Newnam Fld,Maryland,Easton,38.80416666666667,-76.069,Reliever,38.792058,-76.066174,0.8508372297076116
718907,08525.*A,Easton/Newnam Fld,Maryland,Easton,38.80416666666667,-76.069,Reliever,38.807372,-76.056406,0.7137488374144739
720460,08559.*A,Montgomery County Airpark,Maryland,Gaithersburg,39.16833333333333,-77.16600000000001,Reliever,39.166111,-77.16637,0.15491010197682978
720576,08559.*A,Montgomery County Airpark,Maryland,Gaithersburg,39.16833333333333,-77.16600000000001,Reliever,39.176747,-77.178846,0.9012926252229086
721470,08551.*A,Tipton,Maryland,Fort Meade(Odenton),39.08538611111111,-76.75941388888889,Reliever,39.091377,-76.774898,0.9283645194533604
721798,07819.*A,Augusta State,Maine,Augusta,44.32065,-69.79731944444444,Reliever,44.313406,-69.811525,0.8628545450478393
721967,07840.*A,Bethel Rgnl,Maine,Bethel,44.42516666666666,-70.80991666666667,Reliever,44.42,-70.8,0.6060659555806172
721994,07849.*A,Biddeford Muni,Maine,Biddeford,43.464111111111116,-70.47238888888889,Reliever,43.460517,-70.491268,0.9793636044724303
722866,08050.*A,Newton Fld,Maine,Jackman,45.63275277777778,-70.24879166666666,Reliever,45.6243,-70.2515,0.5988507216692546
722871,08050.*A,Newton Fld,Maine,Jackman,45.63275277777778,-70.24879166666666,Reliever,45.624337,-70.251525,0.5966214870505603
722872,08050.*A,Newton Fld,Maine,Jackman,45.63275277777778,-70.24879166666666,Reliever,45.624361,-70.25156,0.5953816946624603
724468,09524.*A,Ann Arbor Muni,Michigan,Ann Arbor,42.22292777777778,-83.74570833333334,Reliever,42.234259,-83.737314,0.8934745238746028
724574,09524.*A,Ann Arbor Muni,Michigan,Ann Arbor,42.22292777777778,-83.74570833333334,Reliever,42.229197,-83.7385,0.5692206036916219
724596,09524.*A,Ann Arbor Muni,Michigan,Ann Arbor,42.22292777777778,-83.74570833333334,Reliever,42.232979,-83.747924,0.7040620747805233
728887,10228.*A,Canton-Plymouth-Mettetal,Michigan,Plymouth,42.34780555555556,-83.45633333333333,Reliever,42.351179,-83.445116,0.618752988294494
732255,09725.*A,Coleman A Young Muni,Michigan,Detroit,42.409327777777776,-83.010175,Reliever,42.408541,-83.010061,0.05470229067953637
736492,09657.*A,Fitch H Beach,Michigan,Charlotte,42.574088888888895,-84.81209722222222,Reliever,42.582201,-84.805532,0.6528433720034633
738163,09834.*A,Gaylord Rgnl,Michigan,Gaylord,45.01302777777778,-84.70344444444444,Reliever,45.004066,-84.697043,0.6940729792870584
740339,09847.*A,Grand Haven Meml Airpark,Michigan,Grand Haven,43.034055555555554,-86.19816666666667,Reliever,43.030868,-86.217022,0.9779777512910822
744998,10092.*A,Jack Barstow,Michigan,Midland,43.66291666666667,-84.26130555555555,Reliever,43.663294,-84.244229,0.854418459397118
745397,09977.*A,Jackson County-Reynolds Fld,Michigan,Jackson,42.260444444444445,-84.46213888888889,Reliever,42.271779,-84.450331,0.9894111872048991
751681,10034.*A,Mason County,Michigan,Ludington,43.96252777777778,-86.40791666666668,Reliever,43.953371,-86.412936,0.6805304126074869
755849,10382.2*A,Oakland/Troy,Michigan,Troy,42.542944444444444,-83.17788888888889,Reliever,42.548678,-83.164011,0.8103880932854007
767575,09614.*A,Wexford County,Michigan,Cadillac,44.275333333333336,-85.41891666666668,Reliever,44.2825,-85.4031,0.9264596603779958
767663,09614.*A,Wexford County,Michigan,Cadillac,44.275333333333336,-85.41891666666668,Reliever,44.282572,-85.403094,0.9293808823966759
770332,10509.*A,Albert Lea Muni,Minnesota,Albert Lea,43.68131388888889,-93.36814722222222,Reliever,43.683414,-93.359749,0.444264082382262
770545,10509.*A,Albert Lea Muni,Minnesota,Albert Lea,43.68131388888889,-93.36814722222222,Reliever,43.6861,-93.3577,0.6182843414432998
775946,10605.*A,Buffalo Muni,Minnesota,Buffalo,45.158833333333334,-93.84330555555555,Reliever,45.1555771,-93.8460553,0.2620008077681796
777505,10512.*A,Chandler Fld,Minnesota,Alexandria,45.866305555555556,-95.39466666666668,Reliever,45.871952,-95.377441,0.9164782928644944
777913,10512.*A,Chandler Fld,Minnesota,Alexandria,45.866305555555556,-95.39466666666668,Reliever,45.860211,-95.377827,0.9136452118913723
782528,10653.*A,Duluth Intl,Minnesota,Duluth,46.84206944444445,-92.19323611111112,Non-Hub,46.834163,-92.205799,0.8072981311729648
782558,10653.*A,Duluth Intl,Minnesota,Duluth,46.84206944444445,-92.19323611111112,Non-Hub,46.836439,-92.195922,0.4094458203879299
783081,10665.*A,Elbow Lake Muni - Pride Of The Prairie,Minnesota,Elbow Lake,45.98616666666667,-95.98575,Reliever,45.989979,-95.975744,0.5481455197226219
783085,10665.*A,Elbow Lake Muni - Pride Of The Prairie,Minnesota,Elbow Lake,45.98616666666667,-95.98575,Reliever,45.992395,-95.979892,0.5143653705942519
783551,10665.*A,Elbow Lake Muni - Pride Of The Prairie,Minnesota,Elbow Lake,45.98616666666667,-95.98575,Reliever,45.989979,-95.975744,0.5481455197226219
794548,10736.*A,Hector Muni,Minnesota,Hector,44.73116666666667,-94.71373611111112,Reliever,44.738653,-94.714522,0.5189859304921259
794906,10736.*A,Hector Muni,Minnesota,Hector,44.73116666666667,-94.71373611111112,Reliever,44.738653,-94.714522,0.5189859304921259
796062,10746.2*A,Hutchinson Muni-Butler Fld,Minnesota,Hutchinson,44.85988888888889,-94.3825,Reliever,44.871014,-94.37622,0.8283789396345612
803186,10824.*A,Minneapolis-St Paul Intl/Wold-Chamberlain,Minnesota,Minneapolis,44.881972222222224,-93.22177777777777,Large,44.89209,-93.232426,0.8725092944486408
807405,10615.2*A,Myers Fld,Minnesota,Canby,44.7295,-96.26602777777778,Reliever,44.719282,-96.262962,0.7222682428671108
809594,10885.*A,Ortonville Muni-Martinson Fld,Minnesota,Ortonville,45.30413055555555,-96.42460833333334,Reliever,45.303788,-96.430546,0.2896829166735307
809918,10885.*A,Ortonville Muni-Martinson Fld,Minnesota,Ortonville,45.30413055555555,-96.42460833333334,Reliever,45.298507,-96.431024,0.4984654273431624
810041,10885.*A,Ortonville Muni-Martinson Fld,Minnesota,Ortonville,45.30413055555555,-96.42460833333334,Reliever,45.298507,-96.431024,0.4984654273431624
812040,10899.*A,Paynesville Muni,Minnesota,Paynesville,45.37206388888889,-94.744725,Reliever,45.375235,-94.733177,0.6021453938900033
812267,10899.*A,Paynesville Muni,Minnesota,Paynesville,45.37206388888889,-94.744725,Reliever,45.377263,-94.728755,0.8547961077288031
816705,10938.*A,Redwood Falls Muni,Minnesota,Redwood Falls,44.54688888888889,-95.082,Reliever,44.541392,-95.090323,0.5590894522234279
835460,11098.*A,Winona Muni-Max Conrad Fld,Minnesota,Winona,44.07961111111111,-91.71163055555556,Reliever,44.075729,-91.730504,0.9750067759841814
836472,11098.2*A,Winsted Muni,Minnesota,Winsted,44.94996388888889,-94.06691666666666,Reliever,44.952756,-94.049942,0.8526313640167719
846334,11816.6*A,Kansas City Intl,Missouri,Kansas City,39.29761111111111,-94.71388888888889,Medium,39.302661,-94.721549,0.5383414730669017
848782,11884.*A,Macon-Fower Meml,Missouri,Macon,39.72980555555556,-92.45672222222223,Reliever,39.728837,-92.465468,0.46979090700021053
856362,12077.*A,St Louis Lambert Intl,Missouri,St Louis,38.748697222222226,-90.37002777777776,Medium,38.7503679,-90.3792073,0.5082185354450378
856708,12151.01*A,Sullivan Rgnl,Missouri,Sullivan,38.233472222222225,-91.16427777777778,Reliever,38.22537,-91.158389,0.6449903690901239
856835,12151.01*A,Sullivan Rgnl,Missouri,Sullivan,38.233472222222225,-91.16427777777778,Reliever,38.222201,-91.155197,0.922152653407815
856901,12160.1*A,Trenton Muni,Missouri,Trenton,40.08352777777778,-93.59063888888889,Reliever,40.074611,-93.597427,0.7133931625555759
860110,11444.*A,George M Bryan,Mississippi,Starkville,33.43311111111111,-88.84861111111111,Reliever,33.44524,-88.84445,0.8721852396893351
861582,11270.*A,Houston Muni,Mississippi,Houston,33.886494444444445,-89.022975,Reliever,33.894712,-89.024906,0.5788070333344686
867534,12417.*A,Kalispell City,Montana,Kalispell,48.17856944444444,-114.30374166666667,Reliever,48.1836,-114.305523,0.357337087442801
875394,17205.1*A,Columbus County Muni,North Carolina,Whiteville,34.27286111111111,-78.715,Reliever,34.280347,-78.717108,0.5313440221631766
876137,16650.*A,Currituck County Rgnl,North Carolina,Currituck,36.39994444444444,-76.01544444444444,Reliever,36.400683,-76.019153,0.21258188075502832
890975,16761.*A,Pitt-Greenville,North Carolina,Greenville,35.63569444444445,-77.38408333333334,Non-Hub,35.641168,-77.367914,0.9841252072073156
895941,17220.*A,Smith Reynolds,North Carolina,Winston Salem,36.13371388888889,-80.22198888888889,Reliever,36.130797,-80.236748,0.8483944086387578
900934,17285.*A,Cavalier Muni,North Dakota,Cavalier,48.783722222222224,-97.63197222222222,Reliever,48.7928412,-97.6370211,0.6710511955126746
901490,17337.2*A,Garrison Muni,North Dakota,Garrison,47.65604444444444,-101.43680277777779,Reliever,47.647327,-101.419709,0.9984528886809302
907303,12693.*A,Creighton Muni,Nebraska,Creighton,42.47127777777778,-97.88475000000001,Reliever,42.466186,-97.901628,0.9298985636710494
909324,12748.*A,Grant Muni,Nebraska,Grant,40.87066388888889,-101.73388055555556,Reliever,40.870922,-101.726304,0.39648209575899285
910605,12794.*A,Lincoln,Nebraska,Lincoln,40.85088888888889,-96.75911111111111,Non-Hub,40.849302,-96.771971,0.6813774055245767
911252,12960.*A,Miller Fld,Nebraska,Valentine,42.85669444444444,-100.54897222222222,Reliever,42.867376,-100.548579,0.7387113418833152
912260,12817.*A,Pioneer Village Fld,Nebraska,Minden,40.514916666666664,-98.9456388888889,Reliever,40.506707,-98.932708,0.885462660630032
915363,13218.*A,Claremont Muni,New Hampshire,Claremont,43.37050555555555,-72.36820833333333,Reliever,43.378337,-72.352052,0.975838568185888
916636,13890.*A,Lakewood,New Jersey,Lakewood,40.06688888888889,-74.17755555555556,Reliever,40.067935,-74.182404,0.2665128985107685
917272,14052.*A,Newark Liberty Intl,New Jersey,Newark,40.692480555555555,-74.16868611111111,Large,40.691831,-74.184861,0.8490418425649147
917273,14052.*A,Newark Liberty Intl,New Jersey,Newark,40.692480555555555,-74.16868611111111,Large,40.691831,-74.184861,0.8490418425649147
918504,14532.*A,Albuquerque Intl Sunport,New Mexico,Albuquerque,35.03893055555555,-106.6082611111111,Medium,35.051748,-106.604312,0.913857292869019
923264,14733.4*A,Santa Rosa Route 66,New Mexico,Santa Rosa,34.935672222222216,-104.6425638888889,Reliever,34.947,-104.648,0.8415335343610932
923291,14733.4*A,Santa Rosa Route 66,New Mexico,Santa Rosa,34.935672222222216,-104.6425638888889,Reliever,34.947211,-104.638229,0.8346744492371388
925125,13048.*A,Elko Rgnl,Nevada,Elko,40.825,-115.79133333333333,Non-Hub,40.8363,-115.7909,0.7815259404194549
925707,13072.*A,Hawthorne Industrial,Nevada,Hawthorne,38.54507777777778,-118.63240277777777,Reliever,38.53246,-118.625076,0.9580566879857708
925711,13072.*A,Hawthorne Industrial,Nevada,Hawthorne,38.54507777777778,-118.63240277777777,Reliever,38.5339,-118.6231,0.9220554911709674
925996,13079.25*A,Jackpot/Hayden Fld,Nevada,Jackpot,41.97583055555556,-114.65801666666667,Reliever,41.98383,-114.670555,0.8491414774848252
926233,13108.*A,Lincoln County,Nevada,Panaca,37.787416666666665,-114.41988888888889,Reliever,37.789586,-114.408834,0.6223126733042149
932083,15100.01*A,Corning-Painted Post,New York,Corning,42.180099999999996,-77.12170277777777,Reliever,42.1708,-77.1081,0.9481864269743142
940191,15783.*A,Long Island Mac Arthur,New York,New York,40.79613611111111,-73.10066388888889,Small,40.78642,-73.105125,0.7111250665828932
947590,16269.*A,Syracuse Hancock Intl,New York,Syracuse,43.11119444444444,-76.10630555555555,Small,43.125565,-76.107338,0.9948374978644414
954721,17757.*A,Burke Lakefront,Ohio,Cleveland,41.51786111111111,-81.68263888888889,Reliever,41.514906,-81.666397,0.8652112607997329
955640,17668.2*A,Cambridge Muni,Ohio,Cambridge,39.97502777777778,-81.57758333333332,Reliever,39.988723,-81.575022,0.9564573858416539
956004,17695.*A,Carroll County-Tolson,Ohio,Carrollton,40.56166666666666,-81.07808333333332,Reliever,40.5688303,-81.0930949,0.9310166010542708
957692,17746.*A,Cleveland-Hopkins Intl,Ohio,Cleveland,41.40940555555555,-81.85469166666667,Medium,41.412789,-81.864656,0.567116652959399
957693,17746.*A,Cleveland-Hopkins Intl,Ohio,Cleveland,41.40940555555555,-81.85469166666667,Medium,41.412789,-81.864656,0.567116652959399
967261,18603.*A,Grimes Fld,Ohio,Urbana,40.13237222222222,-83.7540638888889,Reliever,40.119762,-83.746956,0.9492970175049871
967313,18603.*A,Grimes Fld,Ohio,Urbana,40.13237222222222,-83.7540638888889,Reliever,40.119762,-83.746956,0.9492970175049871
976915,18157.*A,Mansfield Lahm Rgnl,Ohio,Mansfield,40.82141666666667,-82.51663888888889,Reliever,40.814356,-82.513115,0.5217790070059415
991882,18609.*A,Van Wert County,Ohio,Van Wert,40.86383055555556,-84.60635833333333,Reliever,40.875584,-84.602468,0.8376109493037529
995539,18753.*A,Youngstown-Warren Rgnl,Ohio,Youngstown/Warren,41.261583333333334,-80.68036111111111,Reliever,41.271561,-80.676365,0.7203588537124719
995556,18753.*A,Youngstown-Warren Rgnl,Ohio,Youngstown/Warren,41.261583333333334,-80.68036111111111,Reliever,41.271561,-80.676365,0.7203588537124719
996801,18771.*A,Ada Rgnl,Oklahoma,Ada,34.80426111111111,-96.6712,Reliever,34.790858,-96.666173,0.9695424559277253
1003457,18855.*A,Chandler Rgnl,Oklahoma,Chandler,35.72408333333333,-96.82027777777778,Reliever,35.7271147072858,-96.8351900979309,0.862767811571411
1006028,18876.11*A,Cleveland Muni,Oklahoma,Cleveland,36.284166666666664,-96.46333333333334,Reliever,36.28649758126537,-96.44745769549256,0.8992465010155466
1006238,18876.11*A,Cleveland Muni,Oklahoma,Cleveland,36.284166666666664,-96.46333333333334,Reliever,36.284118,-96.446065,0.9623209774476953
1008447,18978.32*A,David Jay Perry,Oklahoma,Goldsby,35.15506666666666,-97.47039444444445,Reliever,35.1505377,-97.479381,0.5966999553846493
1008564,18978.32*A,David Jay Perry,Oklahoma,Goldsby,35.15506666666666,-97.47039444444445,Reliever,35.152317,-97.477505,0.44459969073058964
1008565,18978.32*A,David Jay Perry,Oklahoma,Goldsby,35.15506666666666,-97.47039444444445,Reliever,35.146105,-97.476339,0.7047991985275048
1013962,18989.*A,Guthrie-Edmond Rgnl,Oklahoma,Guthrie,35.85152222222222,-97.41617777777779,Reliever,35.858586,-97.425416,0.7116315724341036
1022224,19080.*A,Mc Alester Rgnl,Oklahoma,Mc Alester,34.88238888888889,-95.78347222222222,Reliever,34.8856495,-95.7747077,0.5457635876668184
1026388,19143.*A,Okmulgee Rgnl,Oklahoma,Okmulgee,35.66811111111111,-95.94852777777778,Reliever,35.66135801854352,-95.960961167984,0.8400176570009438
1028154,19166.*A,Ponca City Rgnl,Oklahoma,Ponca City,36.73191666666667,-97.09977777777777,Reliever,36.730008,-97.093765,0.35832609897128087
1028388,19166.*A,Ponca City Rgnl,Oklahoma,Ponca City,36.73191666666667,-97.09977777777777,Reliever,36.720911,-97.096261,0.7854064296318553
1030759,19199.2*A,Sallisaw Muni,Oklahoma,Sallisaw,35.43825,-94.80291666666666,Reliever,35.4455061595669,-94.79780178465576,0.5784729354972846
1030910,19199.2*A,Sallisaw Muni,Oklahoma,Sallisaw,35.43825,-94.80291666666666,Reliever,35.439276,-94.807791,0.28355993429630044
1036293,19253.1*A,Tahlequah Muni,Oklahoma,Tahlequah,35.930277777777775,-95.00452777777778,Reliever,35.92304,-95.001973,0.520404097679033
1037723,19307.2*A,Thomas P Stafford,Oklahoma,Weatherford,35.54580555555555,-98.66850000000001,Reliever,35.539229,-98.659654,0.6740334830225994
1037904,19307.2*A,Thomas P Stafford,Oklahoma,Weatherford,35.54580555555555,-98.66850000000001,Reliever,35.5386,-98.6601,0.6865970993964498
1038830,19283.*A,Tulsa Intl,Oklahoma,Tulsa,36.198388888888886,-95.88811111111112,Small,36.1893196,-95.892514,0.6733855430410507
1039146,19122.*A,University Of Oklahoma Westheimer,Oklahoma,Norman,35.245555555555555,-97.47213888888889,Reliever,35.246922,-97.461247,0.6221595026329894
1039433,19122.*A,University Of Oklahoma Westheimer,Oklahoma,Norman,35.245555555555555,-97.47213888888889,Reliever,35.23867,-97.47963,0.6367797027861528
1039504,19122.*A,University Of Oklahoma Westheimer,Oklahoma,Norman,35.245555555555555,-97.47213888888889,Reliever,35.238694,-97.479639,0.6358786208623511
1039735,19289.2*A,Vinita Muni,Oklahoma,Vinita,36.61461666666667,-95.15169444444444,Reliever,36.6232,-95.1478,0.6315093115745763
1039736,19289.2*A,Vinita Muni,Oklahoma,Vinita,36.61461666666667,-95.15169444444444,Reliever,36.6232,-95.1478,0.6315093115745763
1040428,19295.11*A,Walters Muni,Oklahoma,Walters,34.37258333333333,-98.40588611111112,Reliever,34.369498,-98.409345,0.2906040588648573
1043383,19136.*A,Will Rogers World,Oklahoma,Oklahoma City,35.393074999999996,-97.60076111111111,Small,35.406026,-97.600694,0.8953428867919542
1043870,19345.*A,Albany Muni,Oregon,Albany,44.637816666666666,-123.05945,Reliever,44.636768,-123.075263,0.7812524507021033
1043875,19345.*A,Albany Muni,Oregon,Albany,44.637816666666666,-123.05945,Reliever,44.631287,-123.076296,0.9437039155971596
1043939,19345.*A,Albany Muni,Oregon,Albany,44.637816666666666,-123.05945,Reliever,44.631097,-123.07378,0.8442615610922151
1043974,19345.*A,Albany Muni,Oregon,Albany,44.637816666666666,-123.05945,Reliever,44.630214,-123.055678,0.557387174501778
1043992,19345.*A,Albany Muni,Oregon,Albany,44.637816666666666,-123.05945,Reliever,44.627009,-123.049418,0.8954507924724434
1044129,19352.1*A,Ashland Muni-Sumner Parker Fld,Oregon,Ashland,42.19027777777777,-122.6606388888889,Reliever,42.185555,-122.668761,0.5288591706743063
1046636,19403.*A,Chiloquin State,Oregon,Chiloquin,42.57931944444445,-121.87901388888888,Reliever,42.570427,-121.881928,0.6324039876373213
1048019,19411.1*A,Cottage Grove State,Oregon,Cottage Grove,43.804069444444444,-123.03211666666667,Reliever,43.804346,-123.045188,0.6524556513048322
1053776,19595.*A,Mcnary Fld,Oregon,Salem,44.909527777777775,-123.0025,Reliever,44.921474,-123.005984,0.8433009466494411
1055111,19571.5*A,Portland-Hillsboro,Oregon,Portland,45.54212222222222,-122.95072222222223,Reliever,45.530018,-122.959141,0.9308196869005155
1055228,19571.5*A,Portland-Hillsboro,Oregon,Portland,45.54212222222222,-122.95072222222223,Reliever,45.55102,-122.939917,0.8074993766127719
1055874,19572.*A,Portland-Troutdale,Oregon,Portland,45.54936111111111,-122.40125,Reliever,45.542955,-122.389731,0.7121559614410806
1056674,19514.*A,Rogue Valley Intl - Medford,Oregon,Medford,42.37496388888889,-122.87328888888888,Small,42.361323,-122.876631,0.9583545289128335
1056824,19589.*A,Roseburg Rgnl,Oregon,Roseburg,43.239336111111115,-123.35584999999999,Reliever,43.226684,-123.355712,0.8746995837474694
1056845,19589.*A,Roseburg Rgnl,Oregon,Roseburg,43.239336111111115,-123.35584999999999,Reliever,43.228342,-123.368717,0.9988401570166837
1063375,20069.11*A,Clarion County,Pennsylvania,Clarion,41.224944444444446,-79.44216666666667,Reliever,41.228814,-79.431538,0.6139790803961348
1067846,20480.2*A,Grove City,Pennsylvania,Grove City,41.146027777777775,-80.16775,Reliever,41.143769,-80.1569,0.5860393110423859
1068087,20503.*A,Harrisburg Intl,Pennsylvania,Harrisburg,40.193191666666664,-76.76261944444444,Small,40.199746,-76.753065,0.678134703349858
1068281,20503.*A,Harrisburg Intl,Pennsylvania,Harrisburg,40.193191666666664,-76.76261944444444,Small,40.196711,-76.761549,0.24978056598577944
1070364,20126.*A,Joseph A Hardy Connellsville,Pennsylvania,Connellsville,39.95905555555556,-79.65741666666668,Reliever,39.96083921221658,-79.65220966403199,0.30221720108130645
1071188,19673.*A,Lehigh Valley Intl,Pennsylvania,Allentown,40.652363888888885,-75.44040555555556,Non-Hub,40.651929,-75.421561,0.988841831064437
1075300,21252.*A,Pittsburgh Intl,Pennsylvania,Pittsburgh,40.491416666666666,-80.23269444444445,Medium,40.503105,-80.223121,0.9519610808116669
1083881,21979.1*A,Newport State,Rhode Island,Newport,41.53243888888889,-71.28154444444445,Reliever,41.525557,-71.274952,0.585454512660349
1083887,21979.1*A,Newport State,Rhode Island,Newport,41.53243888888889,-71.28154444444445,Reliever,41.529574,-71.298611,0.9051686555612997
1083900,21979.1*A,Newport State,Rhode Island,Newport,41.53243888888889,-71.28154444444445,Reliever,41.529583,-71.298645,0.9067499415016544
1083989,22024.*A,Theodore Francis Green State,Rhode Island,Providence,41.72233333333334,-71.42772222222223,Small,41.735569,-71.434732,0.9838953384736319
1085989,22209.*A,Columbia Metro,South Carolina,Columbia,33.93883888888889,-81.1195361111111,Small,33.931815,-81.109327,0.7607052493459342
1087657,22309.*A,Greenville Downtown,South Carolina,Greenville,34.847944444444444,-82.35,Reliever,34.840045,-82.343623,0.6550920981008933
1088502,22210.*A,Jim Hamilton L B Owens,South Carolina,Columbia,33.97047222222223,-80.99525,Reliever,33.971149,-81.007933,0.7286596250495463
1093678,22603.*A,Aberdeen Rgnl,South Dakota,Aberdeen,45.446797222222216,-98.42244166666667,Non-Hub,45.459039,-98.4244865,0.8520947494155028
1095393,22675.1*A,Faulkton Muni,South Dakota,Faulkton,45.03067222222222,-99.11287222222222,Reliever,45.03492,-99.122631,0.5599560099698426
1095407,22675.1*A,Faulkton Muni,South Dakota,Faulkton,45.03067222222222,-99.11287222222222,Reliever,45.034547,-99.125409,0.668514583549998
1099750,22817.*A,Wall Muni,South Dakota,Wall,43.99922222222222,-102.2535,Reliever,43.9941,-102.2422,0.6642396982683456
1109492,23055.*A,Lebanon Muni,Tennessee,Lebanon,36.19041111111111,-86.31569166666667,Reliever,36.188573,-86.326256,0.6029754293154425
1109625,23055.*A,Lebanon Muni,Tennessee,Lebanon,36.19041111111111,-86.31569166666667,Reliever,36.188573,-86.326256,0.6029754293154425
1110090,22899.*A,Lovell Fld,Tennessee,Chattanooga,35.03519444444444,-85.20355555555555,Small,35.029653,-85.187413,0.9908454502550457
1110170,22899.*A,Lovell Fld,Tennessee,Chattanooga,35.03519444444444,-85.20355555555555,Small,35.0386,-85.1959,0.4931651366453902
1112189,23097.*A,Memphis Intl,Tennessee,Memphis,35.04241111111111,-89.97668055555556,Small,35.047344,-89.967716,0.61133913930754
1113743,23121.*A,Nashville Intl,Tennessee,Nashville,36.124475000000004,-86.67818055555556,Medium,36.119875,-86.673747,0.4030216743089769
1113787,23121.*A,Nashville Intl,Tennessee,Nashville,36.124475000000004,-86.67818055555556,Medium,36.131522,-86.669243,0.6974246724326811
1113825,23121.*A,Nashville Intl,Tennessee,Nashville,36.124475000000004,-86.67818055555556,Medium,36.131546,-86.669254,0.6981459647854468
1113826,23121.*A,Nashville Intl,Tennessee,Nashville,36.124475000000004,-86.67818055555556,Medium,36.131455,-86.669214,0.6953622417765725
1113827,23121.*A,Nashville Intl,Tennessee,Nashville,36.124475000000004,-86.67818055555556,Medium,36.13149,-86.669235,0.696201646671673
1114197,22905.*A,Outlaw Fld,Tennessee,Clarksville,36.62186111111111,-87.41494444444444,Reliever,36.6149,-87.430118,0.9697729472249181
1114314,22905.*A,Outlaw Fld,Tennessee,Clarksville,36.62186111111111,-87.41494444444444,Reliever,36.6149,-87.430118,0.9697729472249181
1121385,23307.*A,Alpine-Casparis Muni,Texas,Alpine,30.38422222222222,-103.68358333333333,Reliever,30.3834315,-103.6725685,0.6591686987551839
1141741,23522.2*A,Burnet Muni Kate Craddock Fld,Texas,Burnet,30.73892777777778,-98.23861111111111,Reliever,30.738678,-98.235109,0.20881000051846443
1162228,24072.1*A,Conroe-North Houston Rgnl,Texas,Houston,30.353394444444447,-95.41508333333334,Reliever,30.355741,-95.429249,0.8604889447417341
1173230,23713.*A,Dallas Love Fld,Texas,Dallas,32.84594444444445,-96.85087777777777,Medium,32.8393167425503,-96.8531953544922,0.4775539121864637
1194769,23895.11*A,Fort Worth Spinks,Texas,Fort Worth,32.56513333333333,-97.30843888888889,Reliever,32.570292,-97.3177,0.6467772832410413
1195505,23895.11*A,Fort Worth Spinks,Texas,Fort Worth,32.56513333333333,-97.30843888888889,Reliever,32.565,-97.318056,0.5604026712832326
1208947,23965.1*A,Granbury Rgnl,Texas,Granbury,32.44441666666666,-97.81694444444445,Reliever,32.445626,-97.802123,0.8687355972305746
1230379,23454.*A,Jones Fld,Texas,Bonham,33.61309166666667,-96.179325,Reliever,33.601009,-96.177119,0.8449065576504863
1231202,24149.11*A,Kenedy Rgnl,Texas,Kenedy,28.824986111111112,-97.86556944444443,Reliever,28.81349316145646,-97.8573306428528,0.9382503102698482
1235022,24135.*A,Kimble County,Texas,Junction,30.511111111111113,-99.7628888888889,Reliever,30.5092,-99.7746,0.7099203189813471
1242025,24194.*A,Laredo Intl,Texas,Laredo,27.544194444444447,-99.46158333333334,Non-Hub,27.54927,-99.472387,0.7494310888284917
1258647,23710.38*A,Mckinney Ntl,Texas,Dallas,33.17706666666666,-96.58876666666666,Reliever,33.169527,-96.600231,0.8436636720236353
1258648,23710.38*A,Mckinney Ntl,Texas,Dallas,33.17706666666666,-96.58876666666666,Reliever,33.169527,-96.600231,0.8436636720236353
1301263,24163.*A,Skylark Fld,Texas,Killeen,31.085833333333333,-97.68650000000001,Reliever,31.084448,-97.703186,0.992528323795572
1309859,24067.61*A,Sugar Land Rgnl,Texas,Houston,29.622247222222224,-95.65653333333334,Reliever,29.615362,-95.643861,0.8981079609188287
1311191,24889.*A,Taylor Muni,Texas,Taylor,30.57263888888889,-97.44319444444444,Reliever,30.564966,-97.448338,0.6124631659418975
1319984,24976.*A,Waco Rgnl,Texas,Waco,31.612194444444444,-97.23030555555556,Non-Hub,31.625655,-97.227144,0.9489921745433385
1327956,25117.*A,Cedar City Rgnl,Utah,Cedar City,37.700969444444446,-113.09885,Non-Hub,37.69344,-113.094441,0.5736877060403982
1331396,25289.*A,Salt Lake City Intl,Utah,Salt Lake City,40.78839444444444,-111.97777222222223,Large,40.781373,-111.979973,0.4988925006440895
1331433,25289.*A,Salt Lake City Intl,Utah,Salt Lake City,40.78839444444444,-111.97777222222223,Large,40.781373,-111.979973,0.4988925006440895
1331566,25287.*A,South Valley Rgnl,Utah,Salt Lake City,40.61955555555556,-111.99288888888888,Reliever,40.607539,-111.996214,0.8488640664794332
1331694,25287.*A,South Valley Rgnl,Utah,Salt Lake City,40.61955555555556,-111.99288888888888,Reliever,40.607418,-111.987229,0.8901204269867464
1332097,25324.*A,Vernal Rgnl,Utah,Vernal,40.436077777777776,-109.51142222222222,Non-Hub,40.43341,-109.498603,0.6993041943449223
1338565,25863.*A,Lynchburg Rgnl/Preston Glenn Fld,Virginia,Lynchburg,37.325388888888895,-79.20122222222223,Non-Hub,37.325157,-79.190573,0.5856559609036966
1338591,25863.*A,Lynchburg Rgnl/Preston Glenn Fld,Virginia,Lynchburg,37.325388888888895,-79.20122222222223,Non-Hub,37.324741,-79.1906,0.5856690341630009
1341490,25977.*A,Richmond Intl,Virginia,Richmond,37.505180555555555,-77.31973888888888,Small,37.508343,-77.332989,0.75883295507187
1341837,25986.*A,Roanoke-Blacksburg Rgnl/Woodrum Fld,Virginia,Roanoke,37.325472222222224,-79.97541666666667,Non-Hub,37.318036,-79.978267,0.5374372922136444
1345772,25348.*A,Edward F Knapp State,Vermont,Barre/Montpelier,44.20348888888889,-72.56209722222222,Reliever,44.212778,-72.576389,0.9560241817909433
1345779,25348.*A,Edward F Knapp State,Vermont,Barre/Montpelier,44.20348888888889,-72.56209722222222,Reliever,44.2125,-72.5765,0.9473604131456569
1345903,25496.1*A,Morrisville-Stowe State,Vermont,Morrisville,44.53436111111111,-72.61399999999999,Reliever,44.547411,-72.616259,0.9090121680465633
1349739,26144.*A,Chehalis-Centralia,Washington,Chehalis,46.677027777777774,-122.98275,Reliever,46.67925,-122.975256,0.38723055668846484
1350058,26159.*A,Cle Elum Muni,Washington,Cle Elum,47.19424166666666,-120.88403611111112,Reliever,47.1893,-120.9027,0.9410101468018093
1350135,26159.*A,Cle Elum Muni,Washington,Cle Elum,47.19424166666666,-120.88403611111112,Reliever,47.188833,-120.903139,0.9722138185704625
1352321,26417.*A,Felts Fld,Washington,Spokane,47.682941666666665,-117.322425,Reliever,47.679626,-117.316545,0.35698897109548255
1358617,26444.*A,Pearson Fld,Washington,Vancouver,45.62045277777778,-122.6564888888889,Reliever,45.629398,-122.663254,0.6995758173555555
1358723,26444.*A,Pearson Fld,Washington,Vancouver,45.62045277777778,-122.6564888888889,Reliever,45.619627,-122.64478,0.5690214074455496
1359743,26369.*A,Prosser,Washington,Prosser,46.21336111111111,-119.79555555555555,Reliever,46.219978,-119.785172,0.6752496838776855
1359756,26369.*A,Prosser,Washington,Prosser,46.21336111111111,-119.79555555555555,Reliever,46.219996,-119.78951,0.5422395890203415
1360147,26372.*A,Pullman/Moscow Rgnl,Washington,Pullman/Moscow,46.74169166666667,-117.11161944444444,Non-Hub,46.72815,-117.105,0.9873109431790048
1360954,26381.*A,Renton Muni,Washington,Renton,47.49313888888889,-122.21575,Reliever,47.489481,-122.217906,0.2721964619601985
1361021,26381.*A,Renton Muni,Washington,Renton,47.49313888888889,-122.21575,Reliever,47.49845,-122.20461,0.6368403892954665
1361074,26381.*A,Renton Muni,Washington,Renton,47.49313888888889,-122.21575,Reliever,47.497292,-122.199295,0.820480412499359
1361227,26386.1*A,Richland,Washington,Richland,46.305638888888886,-119.30418888888889,Reliever,46.300162,-119.298836,0.4568589221902962
1362474,26395.*A,Seattle-Tacoma Intl,Washington,Seattle,47.449888888888886,-122.31177777777778,Large,47.450258,-122.299448,0.5769771096628277
1362798,26125.1*A,Skagit Rgnl,Washington,Burlington/Mount Vernon,48.470525,-122.4216888888889,Reliever,48.469773,-122.404717,0.7796509834271128
1374172,27346.*A,Dane County Rgnl-Truax Fld,Wisconsin,Madison,43.13987777777778,-89.33750555555555,Small,43.131149,-89.345729,0.7322927267435824
1375270,27166.*A,Eagle River Union,Wisconsin,Eagle River,45.93233333333333,-89.26827777777778,Reliever,45.93293,-89.258801,0.45752474880463123
1375822,27168.1*A,East Troy Muni,Wisconsin,East Troy,42.79716666666666,-88.3726111111111,Reliever,42.7930916,-88.3900357,0.9277328604834315
1382573,27465.*A,L O Simenstad Muni,Wisconsin,Osceola,45.30934444444444,-92.69012222222223,Reliever,45.32144921347732,-92.6848171983948,0.8756719787218953
1384504,27356.*A,Marshfield Muni,Wisconsin,Marshfield,44.63688055555556,-90.18932777777778,Reliever,44.647316,-90.188801,0.7218934530068447
1385226,27373.*A,Menomonie Muni-Score Fld,Wisconsin,Menomonie,44.89233333333333,-91.86780555555555,Reliever,44.901294,-91.856412,0.8337100065028884
1390148,27505.*A,Prairie Du Chien Muni,Wisconsin,Prairie Du Chien,43.01928611111111,-91.12373333333332,Reliever,43.029262,-91.128131,0.7245878263202064
1391002,27518.*A,Reedsburg Muni,Wisconsin,Reedsburg,43.5259,-89.98322222222222,Reliever,43.532932,-89.983919,0.4873925447254592
1391284,27518.*A,Reedsburg Muni,Wisconsin,Reedsburg,43.5259,-89.98322222222222,Reliever,43.531863,-89.995424,0.7375503425485186
1399724,27667.*A,Wausau Downtown,Wisconsin,Wausau,44.92628333333333,-89.62700277777778,Reliever,44.929573,-89.613274,0.7094040065087445
1399869,27667.*A,Wausau Downtown,Wisconsin,Wausau,44.92628333333333,-89.62700277777778,Reliever,44.934705,-89.614831,0.8329827825339671
1400589,27682.*A,West Bend Muni,Wisconsin,West Bend,43.42216666666666,-88.12791666666666,Reliever,43.42674,-88.141175,0.7369614995941889
1401599,26627.*A,Elkins-Randolph County-Jennings Randolph Fld,West Virginia,Elkins,38.88944444444444,-79.85713888888888,Reliever,38.890846,-79.846354,0.5883610590215517
1402266,26768.*A,Morgantown Muni-Walter L Bill Hart Fld,West Virginia,Morgantown,39.643594444444446,-79.91754722222223,Reliever,39.644868,-79.9276,0.5423385243827104
1402321,26768.*A,Morgantown Muni-Walter L Bill Hart Fld,West Virginia,Morgantown,39.643594444444446,-79.91754722222223,Reliever,39.649281,-79.921765,0.45272175063235176
1403022,27759.*A,Cheyenne Rgnl/Jerry Olson Fld,Wyoming,Cheyenne,41.15563888888889,-104.81047222222222,Reliever,41.1611,-104.805,0.4729295612617241
